{
  "greet": {
    "precision": 1.0,
    "recall": 0.7692307692307693,
    "f1-score": 0.8695652173913043,
    "support": 13.0,
    "confused_with": {
      "provide_start_date": 1,
      "mood_great": 1
    }
  },
  "provide_step": {
    "precision": 0.8636363636363636,
    "recall": 1.0,
    "f1-score": 0.926829268292683,
    "support": 19.0,
    "confused_with": {}
  },
  "provide_start_date": {
    "precision": 0.9772727272727273,
    "recall": 1.0,
    "f1-score": 0.9885057471264368,
    "support": 43.0,
    "confused_with": {}
  },
  "goodbye": {
    "precision": 0.8571428571428571,
    "recall": 0.6,
    "f1-score": 0.7058823529411765,
    "support": 10.0,
    "confused_with": {
      "provide_step": 2,
      "mood_great": 2
    }
  },
  "provide_trend_analysis_type": {
    "precision": 0.9333333333333333,
    "recall": 0.8936170212765957,
    "f1-score": 0.9130434782608695,
    "support": 47.0,
    "confused_with": {
      "request_trend": 5
    }
  },
  "provide_report_amount": {
    "precision": 1.0,
    "recall": 0.8571428571428571,
    "f1-score": 0.9230769230769231,
    "support": 21.0,
    "confused_with": {
      "request_profit_revenue": 2,
      "provide_end_date": 1
    }
  },
  "provide_number": {
    "precision": 0.8571428571428571,
    "recall": 1.0,
    "f1-score": 0.9230769230769231,
    "support": 12.0,
    "confused_with": {}
  },
  "provide_category": {
    "precision": 1.0,
    "recall": 0.9,
    "f1-score": 0.9473684210526315,
    "support": 20.0,
    "confused_with": {
      "request_trend": 2
    }
  },
  "request_trend": {
    "precision": 0.9555555555555556,
    "recall": 0.9885057471264368,
    "f1-score": 0.9717514124293786,
    "support": 174.0,
    "confused_with": {
      "provide_trend_analysis_type": 2
    }
  },
  "mood_great": {
    "precision": 0.6923076923076923,
    "recall": 0.6428571428571429,
    "f1-score": 0.6666666666666666,
    "support": 14.0,
    "confused_with": {
      "mood_unhappy": 3,
      "request_trend": 1
    }
  },
  "request_profit_revenue": {
    "precision": 0.9880239520958084,
    "recall": 1.0,
    "f1-score": 0.9939759036144579,
    "support": 165.0,
    "confused_with": {}
  },
  "provide_end_date": {
    "precision": 0.9791666666666666,
    "recall": 1.0,
    "f1-score": 0.9894736842105263,
    "support": 47.0,
    "confused_with": {}
  },
  "provide_date": {
    "precision": 1.0,
    "recall": 0.9956140350877193,
    "f1-score": 0.9978021978021978,
    "support": 228.0,
    "confused_with": {
      "provide_number": 1
    }
  },
  "mood_unhappy": {
    "precision": 0.7857142857142857,
    "recall": 0.7857142857142857,
    "f1-score": 0.7857142857142857,
    "support": 14.0,
    "confused_with": {
      "provide_step": 1,
      "provide_number": 1
    }
  },
  "accuracy": 0.966142684401451,
  "macro avg": {
    "precision": 0.9206640207762963,
    "recall": 0.8880487041739862,
    "f1-score": 0.9001951772611758,
    "support": 827.0
  },
  "weighted avg": {
    "precision": 0.9663354141399563,
    "recall": 0.966142684401451,
    "f1-score": 0.9652102689112152,
    "support": 827.0
  },
  "micro avg": {
    "precision": 0.966142684401451,
    "recall": 0.966142684401451,
    "f1-score": 0.966142684401451,
    "support": 827.0
  }
}