{
  "provide_trend_analysis_type": {
    "precision": 0.8775510204081632,
    "recall": 0.9148936170212766,
    "f1-score": 0.8958333333333334,
    "support": 47.0,
    "confused_with": {
      "provide_filter_value": 2,
      "request_trend": 2
    }
  },
  "introduce_self": {
    "precision": 1.0,
    "recall": 0.6666666666666666,
    "f1-score": 0.8,
    "support": 3.0,
    "confused_with": {
      "provide_category": 1
    }
  },
  "deny": {
    "precision": 0.25,
    "recall": 0.125,
    "f1-score": 0.16666666666666666,
    "support": 8.0,
    "confused_with": {
      "provide_end_date": 2,
      "goodbye": 1
    }
  },
  "mood_great": {
    "precision": 0.6923076923076923,
    "recall": 0.6428571428571429,
    "f1-score": 0.6666666666666666,
    "support": 14.0,
    "confused_with": {
      "provide_trend_analysis_type": 2,
      "goodbye": 2
    }
  },
  "request_profit_revenue": {
    "precision": 0.9590643274853801,
    "recall": 0.9939393939393939,
    "f1-score": 0.9761904761904762,
    "support": 165.0,
    "confused_with": {
      "provide_end_date": 1
    }
  },
  "provide_date": {
    "precision": 0.9824561403508771,
    "recall": 0.9824561403508771,
    "f1-score": 0.9824561403508771,
    "support": 228.0,
    "confused_with": {
      "provide_number": 4
    }
  },
  "request_trend": {
    "precision": 0.9505494505494505,
    "recall": 0.9942528735632183,
    "f1-score": 0.9719101123595506,
    "support": 174.0,
    "confused_with": {
      "provide_trend_analysis_type": 1
    }
  },
  "restart_analysis": {
    "precision": 1.0,
    "recall": 0.2222222222222222,
    "f1-score": 0.36363636363636365,
    "support": 9.0,
    "confused_with": {
      "request_profit_revenue": 3,
      "provide_start_date": 3
    }
  },
  "provide_report_amount": {
    "precision": 0.7619047619047619,
    "recall": 0.7619047619047619,
    "f1-score": 0.7619047619047619,
    "support": 21.0,
    "confused_with": {
      "request_profit_revenue": 4,
      "provide_step": 1
    }
  },
  "bot_challenge": {
    "precision": 1.0,
    "recall": 1.0,
    "f1-score": 1.0,
    "support": 4.0,
    "confused_with": {}
  },
  "provide_end_date": {
    "precision": 0.9166666666666666,
    "recall": 0.9361702127659575,
    "f1-score": 0.9263157894736842,
    "support": 47.0,
    "confused_with": {
      "provide_date": 3
    }
  },
  "provide_product_id": {
    "precision": 1.0,
    "recall": 1.0,
    "f1-score": 1.0,
    "support": 7.0,
    "confused_with": {}
  },
  "provide_number": {
    "precision": 0.75,
    "recall": 1.0,
    "f1-score": 0.8571428571428571,
    "support": 12.0,
    "confused_with": {}
  },
  "affirm": {
    "precision": 0.0,
    "recall": 0.0,
    "f1-score": 0.0,
    "support": 6.0,
    "confused_with": {
      "provide_category": 1,
      "deny": 1,
      "provide_step": 1
    }
  },
  "request_help": {
    "precision": 0.6666666666666666,
    "recall": 0.4,
    "f1-score": 0.5,
    "support": 5.0,
    "confused_with": {
      "greet": 1,
      "provide_report_amount": 1
    }
  },
  "provide_start_date": {
    "precision": 0.9333333333333333,
    "recall": 0.9767441860465116,
    "f1-score": 0.9545454545454546,
    "support": 43.0,
    "confused_with": {
      "provide_date": 1
    }
  },
  "provide_step": {
    "precision": 0.8260869565217391,
    "recall": 1.0,
    "f1-score": 0.9047619047619048,
    "support": 19.0,
    "confused_with": {}
  },
  "mood_unhappy": {
    "precision": 0.9,
    "recall": 0.6428571428571429,
    "f1-score": 0.75,
    "support": 14.0,
    "confused_with": {
      "goodbye": 2,
      "provide_end_date": 1
    }
  },
  "provide_category": {
    "precision": 0.7142857142857143,
    "recall": 0.75,
    "f1-score": 0.7317073170731707,
    "support": 20.0,
    "confused_with": {
      "request_trend": 3,
      "provide_report_amount": 1
    }
  },
  "greet": {
    "precision": 0.9,
    "recall": 0.6923076923076923,
    "f1-score": 0.782608695652174,
    "support": 13.0,
    "confused_with": {
      "affirm": 1,
      "request_help": 1
    }
  },
  "goodbye": {
    "precision": 0.5,
    "recall": 0.6,
    "f1-score": 0.5454545454545454,
    "support": 10.0,
    "confused_with": {
      "mood_great": 2,
      "deny": 1
    }
  },
  "provide_filter_value": {
    "precision": 0.4,
    "recall": 0.25,
    "f1-score": 0.3076923076923077,
    "support": 8.0,
    "confused_with": {
      "provide_trend_analysis_type": 3,
      "provide_category": 2
    }
  },
  "accuracy": 0.9179019384264538,
  "macro avg": {
    "precision": 0.7718578513854747,
    "recall": 0.7069214569319483,
    "f1-score": 0.7202496996774908,
    "support": 877.0
  },
  "weighted avg": {
    "precision": 0.9094752457717342,
    "recall": 0.9179019384264538,
    "f1-score": 0.9092474106681696,
    "support": 877.0
  },
  "micro avg": {
    "precision": 0.9179019384264538,
    "recall": 0.9179019384264538,
    "f1-score": 0.9179019384264538,
    "support": 877.0
  }
}